{
    "_id": "{ABSPATH}",
    "file": "{ABSPATH}",
    "DB": "0foppn1Hf",
    "hasClosedCaptions": false,
    "container": "mkv",
    "ffProbeRead": "success",
    "ffProbeData": {},
    "file_size": 0,
    "video_resolution": "",
    "fileMedium": "",
    "video_codec_name": "",
    "audio_codec_name": "",
    "lastPluginDetails": "none",
    "processingStatus": false,
    "createdAt": 1641046232238,
    "bit_rate": null,
    "statSync": {},
    "HealthCheck": "",
    "TranscodeDecisionMaker": "",
    "lastHealthCheckDate": 0,
    "holdUntil": 0,
    "lastTranscodeDate": 0,
    "infoLog": "",
    "bumped": false,
    "history": "",
    "oldSize": 0,
    "newSize": 0,
    "videoStreamIndex": 0,
    "meta": {},
    "mediaInfo": {},
    "tPosition": 0,
    "hPosition": 0
}