{
    "author": "Josh.5",
    "compatibility": [
        1,
        2
    ],
    "description": "Save stats on all video files in your library during library scans and add a data panel for displaying the results.",
    "icon": "https://raw.githubusercontent.com/Josh5/unmanic.plugin.video_library_stats/master/icon.png",
    "id": "video_library_stats",
    "name": "Video Library Stats Data Panel",
    "platform": [
        "all"
    ],
    "priorities": {
        "on_library_management_file_test": 0
    },
    "tags": "data panel",
    "version": "0.0.3"
}